ID,Pred,t1,t2
2023_1243_1277,0.5160067,Kansas St,Michigan St
2023_1116_1163,0.50064635,Arkansas,Connecticut
2023_1194_1397,0.26688144,FL Atlantic,Tennessee
2023_1211_1417,0.4999037,Gonzaga,UCLA
2023_1104_1361,0.5080807,Alabama,San Diego St
2023_1222_1274,0.73534936,Houston,Miami FL
2023_1166_1343,0.7667225,Creighton,Princeton
2023_1400_1462,0.4999037,Texas,Xavier
