ID,Pred,t1,t2
2023_1243_1277,0.5219183,Kansas St,Michigan St
2023_1116_1163,0.49913076,Arkansas,Connecticut
2023_1194_1397,0.26874465,FL Atlantic,Tennessee
2023_1211_1417,0.5006022,Gonzaga,UCLA
2023_1104_1361,0.5088735,Alabama,San Diego St
2023_1222_1274,0.7373835,Houston,Miami FL
2023_1166_1343,0.76725996,Creighton,Princeton
2023_1400_1462,0.5006022,Texas,Xavier
