ID,Pred,t1,t2
2023_1243_1277,0.5263765430092308,Kansas St,Michigan St
2023_1116_1163,-0.020861781016959027,Arkansas,Connecticut
2023_1194_1397,-6.006006254949822,FL Atlantic,Tennessee
2023_1211_1417,0.014452806988317603,Gonzaga,UCLA
2023_1104_1361,0.21298636232320678,Alabama,San Diego St
2023_1222_1274,6.194479899198907,Houston,Miami FL
2023_1166_1343,7.1574213137834715,Creighton,Princeton
2023_1400_1462,0.014452806988317603,Texas,Xavier
