ID,Pred,t1,t2
2023_1243_1277,0.38429211748667347,Kansas St,Michigan St
2023_1116_1163,0.015512408640794693,Arkansas,Connecticut
2023_1194_1397,-6.063017521296921,FL Atlantic,Tennessee
2023_1211_1417,-0.0023112000285783526,Gonzaga,UCLA
2023_1104_1361,0.19395368748580394,Alabama,San Diego St
2023_1222_1274,6.131610536536268,Houston,Miami FL
2023_1166_1343,7.139377227940692,Creighton,Princeton
2023_1400_1462,-0.0023112000285783526,Texas,Xavier
