ID,Pred
2023_1243_1277,0.528265587
2023_1116_1163,0.437364266
2023_1194_1397,0.377446448
2023_1211_1417,0.483835878
2023_1104_1361,0.587382796
2023_1222_1274,0.653785332
2023_1166_1343,0.851022093
2023_1400_1462,0.553284647